Latitude,Longitude,Depth,MSSD_id
-16.8881328,35.25188861,0,301
-17.165,35.135,0,301
-17.20162861,35.22996157,14.43705866,301
-16.92476178,35.34670944,14.43705866,301
-16.8881328,35.25188861,0,301
-16.25425399,34.85378204,0,302
-15.894,34.406,0,302
-15.893,34.399,0,302
-15.826,34.336,0,302
-15.83,34.317,0,302
-15.698,34.168,0,302
-15.684,34.013,0,302
-15.5,33.802,0,302
-15.68937928,33.65373116,35,302
-15.87337867,33.86459653,35,302
-15.88737862,34.01958622,35,302
-16.01937818,34.16848844,35,302
-16.01537819,34.18749142,35,302
-16.08237797,34.25044145,35,302
-16.08337796,34.2574407,35,302
-16.44363074,34.70495,35,302
-16.25425399,34.85378204,0,302
-16.57401313,34.89834584,0,303
-16.606,34.946,0,303
-16.48223193,35.03636284,22.29185897,303
-16.45024511,34.98869377,22.29185897,303
-16.57401313,34.89834584,0,303
-16.4554319,34.97032221,16.79296314,304
-16.45542275,34.97032772,16.7945233,304
-16.44078463,34.95111808,17.30594443,304
-16.4407828,34.9511176,17.3058098,304
-16.44040184,34.95061838,17.31916208,304
-16.44039514,34.95063358,17.3210938,304
-16.39864045,34.89588636,18.78361484,304
-16.39862482,34.89588484,18.78550478,304
-16.38803355,34.88198683,19.15538793,304
-16.3880243,34.8819924,19.15696425,304
-16.50046811,34.8143378,0,304
-16.554,34.911,0,304
-16.4554319,34.97032221,16.79296314,304
-16.33507475,34.79026464,14.93703243,305
-16.33507213,34.7902667,14.93654711,305
-16.30766994,34.75303661,15.225333,305
-16.30766441,34.75304064,15.22632791,305
-16.39220331,34.69138645,0,305
-16.482,34.825,0,305
-16.33507475,34.79026464,14.93703243,305
-16.3085523,34.81110876,10.03523768,306
-16.30854638,34.81111341,10.03414479,306
-16.28466912,34.78091462,10.08153638,306
-16.28465868,34.78091062,10.0823758,306
-16.26947287,34.76173967,10.11035137,306
-16.26947034,34.76172145,10.10901658,306
-16.20426535,34.67932637,10.23901591,306
-16.20426447,34.67932328,10.23919727,306
-16.1963014,34.66921788,10.25088123,306
-16.19628234,34.66923394,10.25449929,306
-16.25029944,34.62370748,0,306
-16.41,34.829,0,306
-16.3085523,34.81110876,10.03523768,306
-16.17294206,34.88576557,0,307
-15.897,34.653,0,307
-16.00069101,34.51973909,24.32266056,307
-16.27663232,34.75231881,24.32266056,307
-16.17294206,34.88576557,0,307
-16.42360094,35.10164953,0,308
-16.206,34.89,0,308
-16.31837793,34.76438967,24.32266056,308
-16.53597834,34.97589847,24.32266056,308
-16.42360094,35.10164953,0,308
-16.64102313,35.52717751,0,309
-16.579,35.415,0,309
-16.497,35.38,0,309
-16.42,35.296,0,309
-16.4930053,35.21984765,15.23777883,309
-16.57000523,35.30381726,15.23777883,309
-16.65200516,35.33878473,15.23777883,309
-16.71402824,35.45093751,15.23777883,309
-16.64102313,35.52717751,0,309
-16.49156909,35.22257,0,310
-16.307,35.061,0,310
-16.271,35.084,0,310
-16.157,34.974,0,310
-16.073,34.876,0,310
-15.813,34.736,0,310
-15.92328174,34.56587461,29.11881361,310
-16.18328059,34.70565232,29.11881361,310
-16.26728022,34.80357962,29.11881361,310
-16.38127972,34.91348028,29.11881361,310
-16.41727956,34.89044875,29.11881361,310
-16.60184783,35.05185583,29.11881361,310
-16.49156909,35.22257,0,310
-16.49216238,35.22112759,0,311
-16.212,34.967,0,311
-16.28622506,34.87802208,16.69885523,311
-16.5663871,35.13202131,16.69885523,311
-16.49216238,35.22112759,0,311
-16.32372484,35.1539821,0,312
-16.157,34.974,0,312
-16.073,34.876,0,312
-15.813,34.736,0,312
-15.91490369,34.60031446,24.43420706,312
-16.17490296,34.74013727,24.43420706,312
-16.25890272,34.83807933,24.43420706,312
-16.42562709,35.0179454,24.43420706,312
-16.32372484,35.1539821,0,312
-15.77328407,35.03072993,0,313
-15.544,35.127,0,313
-15.48,35.161,0,313
-15.374,35.214,0,313
-15.194,35.299,0,313
-15.12570297,35.14739291,23.828778,313
-15.30570234,35.06226331,23.828778,313
-15.41170197,35.00918619,23.828778,313
-15.47570174,34.97513933,23.828778,313
-15.70498501,34.87869961,23.828778,313
-15.77328407,35.03072993,0,313
-15.69607821,34.9185424,0,314
-15.399,35.119,0,314
-15.314,35.137,0,314
-15.157,35.193,0,314
-15.151,35.21,0,314
-15.057,35.227,0,314
-14.982623,35.06201695,25.94856366,314
-15.07662261,35.04494425,25.94856366,314
-15.08262258,35.0279396,25.94856366,314
-15.23962193,34.97181699,25.94856366,314
-15.32462158,34.95375002,25.94856366,314
-15.62169855,34.75305507,25.94856366,314
-15.69607821,34.9185424,0,314
-15.28892251,35.08495928,8.254622274,315
-15.28892249,35.08495874,8.254545793,315
-15.22558761,35.09356266,10.14768639,315
-15.22556377,35.09358849,10.15162441,315
-15.22278322,35.09400471,10.22979944,315
-15.22272362,35.09397662,10.23648316,315
-15.19245746,35.09807861,11.13590826,315
-15.19244195,35.09812015,11.13103523,315
-15.15886239,35.10272887,12.1361742,315
-15.15885152,35.1027164,12.13450638,315
-15.11877634,35.108173,13.33535377,315
-15.11877634,35.108173,13.33535377,315
-15.11876775,35.10815394,13.33834974,315
-15.11876775,35.10815394,13.33834974,315
-15.11424331,35.11213233,13.94880734,315
-15.11423677,35.11211493,13.95128651,315
-15.11346675,35.11281144,14.05401739,315
-15.11345846,35.11279617,14.05669313,315
-15.10897344,35.11673611,14.66210069,315
-15.10897344,35.11673611,14.66210069,315
-15.10896727,35.11672242,14.66425299,315
-15.10896727,35.11672242,14.66425299,315
-15.08328783,35.11815189,15.13429223,315
-15.08328752,35.11814241,15.13294069,315
-15.07976226,35.01199178,0,315
-15.287,35.027,0,315
-15.28892251,35.08495928,8.254622274,315
-15.3011422,35.07558702,9.198024662,315
-15.30114203,35.07558169,9.197266173,315
-15.29782896,35.07809439,8.937984174,315
-15.2978289,35.07809827,8.938499871,315
-15.29206479,35.08247181,8.486326572,315
-15.2920647,35.0824709,8.486188365,315
-15.29011325,35.08395096,8.333462466,315
-15.29011325,35.08395096,8.333462466,315
-15.29011304,35.08395049,8.333535719,315
-15.28892251,35.08495928,8.254622274,315
-15.28892249,35.08495874,8.254545793,315
-15.287,35.027,0,315
-15.299,35.011,0,315
-15.3011422,35.07558702,9.198024662,315
-15.37898293,35.06181225,8.514854737,315
-15.37898288,35.06181065,8.51462747,315
-15.37408133,35.06363703,8.693432646,315
-15.37408133,35.06363703,8.693432646,315
-15.37408018,35.06363449,8.69383116,315
-15.37408018,35.06363449,8.69383116,315
-15.35822473,35.06622343,8.804031769,315
-15.35822284,35.0662299,8.804918742,315
-15.34433897,35.06852145,8.89943733,315
-15.3443283,35.06851159,8.901174575,315
-15.32251362,35.07209741,9.049431155,315
-15.32250936,35.07208636,9.04779345,315
-15.31771772,35.07285956,9.082415174,315
-15.31771719,35.0728688,9.081106847,315
-15.3011422,35.07558702,9.198024662,315
-15.30114203,35.07558169,9.197266173,315
-15.299,35.011,0,315
-15.377,35.002,0,315
-15.37898293,35.06181225,8.514854737,315
-15.18176523,35.07233643,15.14575268,316
-15.18176482,35.07231158,15.14221329,316
-15.17933037,35.07262401,15.2246129,316
-15.17931786,35.07260077,15.22149155,316
-15.17780433,35.07280378,15.27410147,316
-15.17780329,35.07280329,15.27421719,316
-15.15994984,35.07490227,15.85242013,316
-15.15986875,35.0748934,15.85242013,316
-15.11828664,34.95928113,0,316
-15.18,34.966,0,316
-15.18176523,35.07233643,15.14575268,316
-15.19555545,35.08070728,13.34606702,316
-15.19555497,35.08067829,13.34193812,316
-15.19359737,35.07951922,13.60153516,316
-15.19359374,35.0794889,13.5979024,316
-15.18246176,35.07273426,15.05125041,316
-15.18245868,35.0727572,15.05527656,316
-15.18176523,35.07233643,15.14575268,316
-15.18176482,35.07231158,15.14221329,316
-15.18,34.966,0,316
-15.194,34.987,0,316
-15.19555545,35.08070728,13.34606702,316
-15.29742789,35.05507307,12.25283299,316
-15.29742777,35.05506574,12.25178975,316
-15.27874406,35.05870163,12.29987427,316
-15.27874406,35.05870163,12.29987427,316
-15.27874203,35.05869711,12.30058517,316
-15.27874203,35.05869711,12.30058517,316
-15.27489149,35.05972182,12.34817899,316
-15.27489027,35.05972072,12.34799289,316
-15.21309347,35.07603931,13.122687,316
-15.21306993,35.07606971,13.12641335,316
-15.19933078,35.0796784,13.29456917,316
-15.19933036,35.07967954,13.29443579,316
-15.19555545,35.08070728,13.34606702,316
-15.19555497,35.08067829,13.34193812,316
-15.194,34.987,0,316
-15.296,34.969,0,316
-15.29742789,35.05507307,12.25283299,316
-15.33844685,35.04523648,12.41601509,316
-15.33844668,35.04522661,12.41461122,316
-15.32946264,35.04739506,12.38033487,316
-15.32945741,35.04738281,12.37839984,316
-15.32311247,35.04891912,12.35535366,316
-15.32311041,35.04891723,12.35568837,316
-15.31905002,35.04987404,12.33721075,316
-15.31904987,35.04987648,12.33686553,316
-15.3066498,35.05285003,12.28842482,316
-15.30664597,35.05286201,12.28997653,316
-15.29742789,35.05507307,12.25283299,316
-15.29742777,35.05506574,12.25178975,316
-15.296,34.969,0,316
-15.337,34.958,0,316
-15.33844685,35.04523648,12.41601509,316
-15.40033845,35.02272989,11.48654245,316
-15.40033824,35.02271737,11.48475994,316
-15.38494504,35.02964982,11.90412684,316
-15.38494124,35.02964414,11.9031829,316
-15.36318375,35.03942538,12.49529489,316
-15.36318375,35.03942538,12.49529489,316
-15.36318233,35.03942222,12.49578984,316
-15.36318233,35.03942222,12.49578984,316
-15.35172594,35.04210889,12.45842866,316
-15.35172351,35.04211405,12.45907069,316
-15.33844685,35.04523648,12.41601509,316
-15.33844668,35.04522661,12.41461122,316
-15.337,34.958,0,316
-15.399,34.942,0,316
-15.40033845,35.02272989,11.48654245,316
-15.44700018,35.01534328,8.583917945,316
-15.44699974,35.01531673,8.580141132,316
-15.42891524,35.01821,9.708440184,316
-15.42890742,35.01819007,9.705901435,316
-15.41607746,35.02021858,10.50531461,316
-15.4160689,35.02023724,10.50832015,316
-15.40033845,35.02272989,11.48654245,316
-15.40033824,35.02271737,11.48475994,316
-15.399,34.942,0,316
-15.446,34.955,0,316
-15.44700018,35.01534328,8.583917945,316
-15.21819565,34.903,0,317
-15.345,34.903,0,317
-15.34499268,34.96032282,8.157042786,317
-15.2181884,34.96028817,8.157042786,317
-15.21819565,34.903,0,317
-15.360917,34.76526882,0,318
-15.428,34.744,0,318
-15.429,34.725,0,318
-15.509,34.728,0,318
-15.538,34.685,0,318
-15.637,34.702,0,318
-15.704,34.668,0,318
-15.73635848,34.7853552,17.33967513,318
-15.66935862,34.81931663,17.33967513,318
-15.57035883,34.80225997,17.33967513,318
-15.54135889,34.84524345,17.33967513,318
-15.46135906,34.84219805,17.33967513,318
-15.46035906,34.86119749,17.33967513,318
-15.3932762,34.88242845,17.33967513,318
-15.360917,34.76526882,0,318
-15.360917,34.76526882,0,319
-15.428,34.744,0,319
-15.429,34.725,0,319
-15.509,34.728,0,319
-15.538,34.685,0,319
-15.741,34.752,0,319
-15.74532734,34.88189381,18.45925447,319
-15.54232786,34.814765,18.45925447,319
-15.51332794,34.85774675,18.45925447,319
-15.43332814,34.85469661,18.45925447,319
-15.43232814,34.87369599,18.45925447,319
-15.36524531,34.89492299,18.45925447,319
-15.360917,34.76526882,0,319
-15.32870612,34.63294881,0,320
-15.435,34.595,0,320
-15.694,34.574,0,320
-15.805,34.651,0,320
-15.8001084,34.79516289,20.48150689,320
-15.68910875,34.71808418,20.48150689,320
-15.43010957,34.73890293,20.48150689,320
-15.32381603,34.77677835,20.48150689,320
-15.32870612,34.63294881,0,320
-15.32870612,34.63294881,0,321
-15.435,34.595,0,321
-15.694,34.574,0,321
-15.783,34.588,0,321
-15.79660936,34.72297802,19.27081013,321
-15.70760961,34.70891889,19.27081013,321
-15.44861033,34.72974896,19.27081013,321
-15.34231674,34.76762896,19.27081013,321
-15.32870612,34.63294881,0,321
-14.92364417,34.8203834,0,322
-15.048,34.8,0,322
-15.05659972,34.85627206,8.118429475,322
-14.93224394,34.87662276,8.118429475,322
-14.92364417,34.8203834,0,322
-14.89703298,35.36491901,0,323
-14.756,35.347,0,323
-14.76616646,35.26123972,12.32880148,323
-14.90719929,35.27910279,12.32880148,323
-14.89703298,35.36491901,0,323
-14.69648474,35.37810358,0,324
-14.605,35.358,0,324
-14.62235598,35.27353943,12.32880148,324
-14.71384062,35.2936077,12.32880148,324
-14.69648474,35.37810358,0,324
-15.05554043,35.00615277,0,325
-14.936,35.044,0,325
-14.91998473,34.98981034,8.079724117,325
-15.0395251,34.95193285,8.079724117,325
-15.05554043,35.00615277,0,325
-14.55077706,34.66988996,2.163093164,326
-14.55077646,34.66989433,2.162463072,326
-14.53979344,34.66823222,2.581740667,326
-14.53979033,34.66822643,2.582638833,326
-14.45840482,34.65585133,5.686103119,326
-14.4583972,34.65586189,5.684677971,326
-14.43478878,34.65229131,6.58611257,326
-14.43478877,34.65229163,6.586140441,326
-14.43421593,34.65219105,6.60998047,326
-14.43421416,34.65220414,6.608090875,326
-14.428,34.698,0,326
-14.54874297,34.68488896,0,326
-14.55077706,34.66988996,2.163093164,326
-14.43421593,34.65219105,6.60998047,326
-14.43421416,34.65220414,6.608090875,326
-14.42437255,34.64038568,6.122139486,326
-14.42437195,34.64037616,6.123150997,326
-14.410904,34.62420075,5.456181554,326
-14.410904,34.62420075,5.456181554,326
-14.41090259,34.62420319,5.456457039,326
-14.41090259,34.62420319,5.456457039,326
-14.39741701,34.60946558,4.616115425,326
-14.39741368,34.60947158,4.614768203,326
-14.39314106,34.60479563,4.349935883,326
-14.39314021,34.60479616,4.350015983,326
-14.38990064,34.60125953,4.147875214,326
-14.38989921,34.60127006,4.146355075,326
-14.386,34.63,0,326
-14.428,34.698,0,326
-14.43421593,34.65219105,6.60998047,326
-14.38990064,34.60125953,4.147875214,326
-14.38989921,34.60127006,4.146355075,326
-14.27740721,34.58677391,7.030009289,326
-14.27733969,34.58674703,7.03438021,326
-14.26976113,34.58578623,7.225794027,326
-14.26975979,34.58572522,7.220268378,326
-14.22489305,34.57989828,8.371380176,326
-14.22489305,34.57989828,8.371380176,326
-14.2248548,34.57996386,8.378809063,326
-14.19830209,34.58206235,8.237699188,326
-14.19824122,34.58212877,8.244892606,326
-14.14833442,34.58617269,7.980135091,326
-14.14832119,34.5862333,7.987335619,326
-14.12257503,34.58826932,7.850599963,326
-14.12257503,34.58826932,7.850599963,326
-14.12253915,34.58833081,7.857568526,326
-14.12253915,34.58833081,7.857568526,326
-14.0936968,34.58141013,9.043027839,326
-14.09368251,34.58141647,9.0422033,326
-14.0783823,34.57778691,9.676508313,326
-14.07830506,34.57784056,9.685340251,326
-14.03092026,34.56658881,11.63527392,326
-14.03091439,34.56663256,11.63905587,326
-13.9777621,34.55400886,13.83463921,326
-13.9777621,34.55400886,13.83463921,326
-13.97775436,34.55402212,13.8361428,326
-13.97775436,34.55402212,13.8361428,326
-13.95098895,34.54814119,14.87420066,326
-13.95098774,34.54815014,14.87290666,326
-13.937,34.651,0,326
-14.386,34.63,0,326
-14.38990064,34.60125953,4.147875214,326
-13.95098895,34.54814119,14.87420066,326
-13.95098774,34.54815014,14.87290666,326
-13.90747533,34.51847189,14.94454045,326
-13.90745823,34.51848234,14.94634649,326
-13.90020167,34.51351569,14.9558649,326
-13.90018217,34.5135319,14.9519858,326
-13.89961242,34.51314397,14.95289605,326
-13.8996107,34.5131686,14.95497478,326
-13.88988222,34.50654025,14.97110252,326
-13.8898717,34.50650799,14.97444602,326
-13.83915784,34.47195224,15.05341623,326
-13.83915757,34.47195419,15.05313405,326
-13.825,34.576,0,326
-13.937,34.651,0,326
-13.95098895,34.54814119,14.87420066,326
-14.07710419,34.43646689,0,327
-14.441,34.53,0,327
-14.482,34.532,0,327
-14.682,34.597,0,327
-14.686,34.582,0,327
-14.891,34.722,0,327
-14.895,34.717,0,327
-14.963,34.731,0,327
-14.89702037,34.94082201,31.46063617,327
-14.82902083,34.92675594,31.46063617,327
-14.82502086,34.93175206,31.46063617,327
-14.62002223,34.79155495,31.46063617,327
-14.61602226,34.80655114,31.46063617,327
-14.41602359,34.74136183,31.46063617,327
-14.37502387,34.73932338,31.46063617,327
-14.01113048,34.64545431,31.46063617,327
-14.07710419,34.43646689,0,327
-14.07710419,34.43646689,0,328
-14.441,34.53,0,328
-14.482,34.532,0,328
-14.682,34.597,0,328
-14.686,34.582,0,328
-14.754,34.6,0,328
-14.954,34.687,0,328
-14.973,34.679,0,328
-15.081,34.782,0,328
-15.00912632,35.01065267,34.26618771,328
-14.90112718,34.90753758,34.26618771,328
-14.88212733,34.91551742,34.26618771,328
-14.68212892,34.82830703,34.26618771,328
-14.61412946,34.81023622,34.26618771,328
-14.61012949,34.82523207,34.26618771,328
-14.41013108,34.76002597,34.26618771,328
-14.3691314,34.75798411,34.26618771,328
-14.00523846,34.66408525,34.26618771,328
-14.07710419,34.43646689,0,328
-13.79627007,34.62461955,30.24420322,329
-13.79622395,34.62469851,30.25316009,329
-13.79492564,34.62420251,30.30773956,329
-13.79489727,34.62428574,30.31576802,329
-13.78174048,34.62018788,30.93727971,329
-13.78161789,34.62006998,30.93727971,329
-13.90200841,34.30997988,0,329
-13.952,34.358,0,329
-13.79627007,34.62461955,30.24420322,329
-13.91820013,34.65602958,25.40237681,329
-13.91810708,34.65618895,25.42044835,329
-13.89933972,34.65117713,26.15044204,329
-13.89931069,34.65133874,26.16485663,329
-13.79950691,34.62545251,30.11579527,329
-13.79941662,34.62552252,30.12669445,329
-13.79627007,34.62461955,30.24420322,329
-13.79622395,34.62469851,30.25316009,329
-13.952,34.358,0,329
-14.049,34.432,0,329
-13.91820013,34.65602958,25.40237681,329
-14.06145547,34.69300658,19.72059745,329
-14.0613471,34.69319228,19.74164347,329
-14.01758242,34.68165521,21.45590021,329
-14.01755275,34.68189094,21.47615907,329
-14.00683268,34.67885555,21.8837062,329
-14.00680598,34.67886271,21.88275122,329
-13.94960098,34.66411085,24.15657356,329
-13.94938011,34.66426104,24.1815758,329
-13.91820013,34.65602958,25.40237681,329
-13.91810708,34.65618895,25.42044835,329
-14.049,34.432,0,329
-14.163,34.519,0,329
-14.06145547,34.69300658,19.72059745,329
-14.16284506,34.68627471,20.42160865,329
-14.16277174,34.68640042,20.43584849,329
-14.12758635,34.68862853,20.1760023,329
-14.12755654,34.68877136,20.19299116,329
-14.0973857,34.69060746,19.97094821,329
-14.09723002,34.69077592,19.98917154,329
-14.06145547,34.69300658,19.72059745,329
-14.0613471,34.69319228,19.74164347,329
-14.163,34.519,0,329
-14.268,34.506,0,329
-14.16284506,34.68627471,20.42160865,329
-14.3577987,34.71531268,15.76950107,329
-14.35779246,34.71532339,15.77071278,329
-14.27471221,34.70302471,17.75484696,329
-14.27470999,34.7029595,17.74896983,329
-14.24080522,34.69787026,18.56362715,329
-14.24069172,34.69794005,18.57425813,329
-14.16284506,34.68627471,20.42160865,329
-14.16277174,34.68640042,20.43584849,329
-14.268,34.506,0,329
-14.439,34.576,0,329
-14.3577987,34.71531268,15.76950107,329
-14.37595962,34.71918963,15.16864472,329
-14.3759595,34.71918278,15.16962412,329
-14.3577987,34.71531268,15.76950107,329
-14.35779246,34.71532339,15.77071278,329
-14.439,34.576,0,329
-14.582,34.663,0,329
-14.37595962,34.71918963,15.16864472,329
-13.74472852,34.61675528,31.51399427,330
-13.74469471,34.61681316,31.52056044,330
-13.74440911,34.61663587,31.53200797,330
-13.74438628,34.61669749,31.53793184,330
-13.74138526,34.61557116,31.70708177,330
-13.74130715,34.6154752,31.70708177,330
-13.86595167,34.2886185,0,330
-13.907,34.339,0,330
-13.74472852,34.61675528,31.51399427,330
-13.74877674,34.61539028,31.698823,330
-13.74877568,34.61539063,31.69877447,330
-13.74874472,34.61544508,31.70504095,330
-13.74874446,34.61544517,31.70502899,330
-13.74475302,34.616747,31.51511559,330
-13.74472852,34.61675528,31.51399427,330
-13.74471838,34.61680514,31.5216416,330
-13.74469471,34.61681316,31.52056044,330
-13.907,34.339,0,330
-13.912,34.336,0,330
-13.74877674,34.61539028,31.698823,330
-13.91819575,34.65602793,25.40262585,330
-13.9181027,34.6561873,25.4206971,330
-13.89009135,34.64929653,26.44566716,330
-13.89008021,34.64945583,26.45911375,330
-13.74883177,34.61540346,31.69678008,330
-13.74877674,34.61539028,31.698823,330
-13.74875831,34.61544835,31.70453732,330
-13.74874472,34.61544508,31.70504095,330
-13.912,34.336,0,330
-14.049,34.432,0,330
-13.91819575,34.65602793,25.40262585,330
-14.06145204,34.69300528,19.72079187,330
-14.06134366,34.69319098,19.74183833,330
-14.01553428,34.68112484,21.53697407,330
-14.0155025,34.68136141,21.55742549,330
-14.0068344,34.67885509,21.88376786,330
-14.00680544,34.67886286,21.88273184,330
-13.95290473,34.6649606,24.02557081,330
-13.95268465,34.6651135,24.05073819,330
-13.91819575,34.65602793,25.40262585,330
-13.9181027,34.6561873,25.4206971,330
-14.049,34.432,0,330
-14.163,34.519,0,330
-14.06145204,34.69300528,19.72079187,330
-14.16284148,34.68627336,20.4218116,330
-14.16276815,34.68639906,20.43605182,330
-14.12594197,34.68873673,20.16477283,330
-14.12591056,34.68888061,20.18186511,330
-14.09893562,34.69050243,19.98196875,330
-14.09878221,34.69066984,20.00010029,330
-14.06145204,34.69300528,19.72079187,330
-14.06134366,34.69319098,19.74183833,330
-14.163,34.519,0,330
-14.268,34.506,0,330
-14.16284148,34.68627336,20.4218116,330
-14.3577959,34.71531162,15.76965981,330
-14.35778966,34.71532233,15.77087172,330
-14.2723412,34.702673,17.81157594,330
-14.27233972,34.70260637,17.80554198,330
-14.24412773,34.6983637,18.48455008,330
-14.24401887,34.69843205,18.49487536,330
-14.16284148,34.68627336,20.4218116,330
-14.16276815,34.68639906,20.43605182,330
-14.268,34.506,0,330
-14.439,34.576,0,330
-14.3577959,34.71531162,15.76965981,330
-14.37595961,34.71918936,15.16868438,330
-14.37595949,34.71918234,15.16968813,330
-14.3577959,34.71531162,15.76965981,330
-14.35778966,34.71532233,15.77087172,330
-14.439,34.576,0,330
-14.582,34.663,0,330
-14.37595961,34.71918936,15.16868438,330
-14.27833559,34.92826443,0,331
-14.164,34.991,0,331
-14.13767575,34.93995537,8.272339059,331
-14.25201129,34.87719402,8.272339059,331
-14.27833559,34.92826443,0,331
-14.02147678,34.59812206,0,332
-13.867,34.537,0,332
-13.89064867,34.4735152,9.740887939,332
-14.04512536,34.53459467,9.740887939,332
-14.02147678,34.59812206,0,332
-14.68308822,35.30878921,18.88295761,333
-14.68308801,35.3087867,18.88259781,333
-14.61919772,35.29075344,17.27784877,333
-14.61918235,35.29071558,17.28214494,333
-14.61889879,35.29059859,17.2697201,333
-14.61887624,35.29062587,17.26444906,333
-14.58881886,35.28215985,16.51206092,333
-14.58879693,35.28213312,16.50854059,333
-14.58855268,35.28201459,16.50933068,333
-14.58853946,35.28203123,16.5119469,333
-14.55045991,35.27126215,15.55163781,333
-14.55045991,35.27126215,15.55163781,333
-14.55045845,35.27129121,15.54748125,333
-14.55045845,35.27129121,15.54748125,333
-14.54602132,35.27667441,16.40466438,333
-14.54602107,35.27669956,16.40067093,333
-14.54555461,35.2772404,16.49391024,333
-14.54555233,35.27726777,16.4903487,333
-14.54109189,35.28268224,17.35159698,333
-14.54109189,35.28268224,17.35159698,333
-14.5410907,35.28270583,17.34822305,333
-14.5410907,35.28270583,17.34822305,333
-14.49546614,35.26962714,16.17899805,333
-14.49546405,35.26960239,16.17544779,333
-14.48596496,35.15680504,0,333
-14.672,35.177,0,333
-14.68308822,35.30878921,18.88295761,333
-14.6887567,35.3007379,20.0213996,333
-14.68875667,35.30073751,20.02134329,333
-14.68802501,35.30299143,20.01156346,333
-14.68802501,35.30299143,20.01156346,333
-14.68802499,35.30299178,20.01151283,333
-14.68802499,35.30299178,20.01151283,333
-14.68653331,35.30474391,19.67045648,333
-14.68653323,35.30474318,19.67034323,333
-14.68546128,35.30600178,19.42553608,333
-14.6854612,35.30600044,19.42535642,333
-14.68308822,35.30878921,18.88295761,333
-14.68308801,35.3087867,18.88259781,333
-14.672,35.177,0,333
-14.677,35.161,0,333
-14.6887567,35.3007379,20.0213996,333
-14.89935426,35.30889313,22.74399506,333
-14.89935202,35.30886647,22.74017814,333
-14.85410121,35.30632275,22.04505161,333
-14.8540716,35.30634497,22.04121393,333
-14.82679437,35.30489277,21.62966685,333
-14.82673544,35.30483615,21.6211571,333
-14.79111497,35.30290871,21.08413048,333
-14.79107898,35.30286658,21.08926225,333
-14.76688759,35.301463,20.71141672,333
-14.76685584,35.30150337,20.71693747,333
-14.69086037,35.29727062,19.5425972,333
-14.69086037,35.29727062,19.5425972,333
-14.6908603,35.29727189,19.54241623,333
-14.6908603,35.29727189,19.54241623,333
-14.68967204,35.29922863,19.81297875,333
-14.68967201,35.29922919,19.81290142,333
-14.68926318,35.29990337,19.90615917,333
-14.68926317,35.29990367,19.90611479,333
-14.6887567,35.3007379,20.0213996,333
-14.68875667,35.30073751,20.02134329,333
-14.677,35.161,0,333
-14.886,35.15,0,333
-14.89935426,35.30889313,22.74399506,333
-14.97170615,35.32033574,19.93767259,333
-14.97170493,35.32032119,19.9355911,333
-14.94768545,35.32274184,21.78693294,333
-14.94768525,35.32274127,21.78686078,333
-14.94667484,35.32282894,21.86681854,333
-14.94667484,35.32282894,21.86681854,333
-14.94667416,35.32284248,21.86488676,333
-14.94667416,35.32284248,21.86488676,333
-14.92304223,35.31584989,22.30386127,333
-14.92303894,35.3158619,22.30584907,333
-14.89935426,35.30889313,22.74399506,333
-14.89935202,35.30886647,22.74017814,333
-14.886,35.15,0,333
-14.96,35.181,0,333
-14.97170615,35.32033574,19.93767259,333
-15.09131832,35.23871133,20.9813409,333
-15.0913151,35.23867299,20.97585831,333
-15.07426936,35.25029705,20.82700574,333
-15.07426054,35.25031178,20.82564656,333
-15.04639191,35.26939788,20.58924669,333
-15.04636167,35.26936693,20.58203935,333
-15.0331139,35.27846073,20.47433002,333
-15.03309509,35.27845041,20.47757628,333
-15.01755013,35.2890078,20.33601126,333
-15.0175332,35.28906208,20.34161415,333
-14.97170615,35.32033574,19.93767259,333
-14.97170493,35.32032119,19.9355911,333
-14.96,35.181,0,333
-15.079,35.092,0,333
-15.09131832,35.23871133,20.9813409,333
-15.15783137,35.2214799,17.4104457,333
-15.15783081,35.22149105,17.4088557,333
-15.13944861,35.2262587,18.3949478,333
-15.13944424,35.22624901,18.39361913,333
-15.12783123,35.22922644,19.01967686,333
-15.12782516,35.22924568,19.02255352,333
-15.09131832,35.23871133,20.9813409,333
-15.0913151,35.23867299,20.97585831,333
-15.079,35.092,0,333
-15.168,35.102,0,333
-15.15783137,35.2214799,17.4104457,333
-15.1517216,35.34355716,0,334
-14.939,35.476,0,334
-14.684,35.434,0,334
-14.681,35.443,0,334
-14.545,35.38,0,334
-14.535,35.404,0,334
-14.431,35.355,0,334
-14.404,35.336,0,334
-14.34,35.29,0,334
-14.142,35.275,0,334
-14.15415905,35.03335108,34.62278904,334
-14.35215729,35.04813886,34.62278904,334
-14.41615672,35.09406956,34.62278904,334
-14.44315648,35.11304022,34.62278904,334
-14.54715555,35.16192665,34.62278904,334
-14.55715546,35.13791569,34.62278904,334
-14.69315425,35.20076569,34.62278904,334
-14.69615422,35.19176237,34.62278904,334
-14.95115194,35.23347688,34.62278904,334
-15.16387163,35.10079168,34.62278904,334
-15.1517216,35.34355716,0,334
-13.45818259,34.98540168,9.384680622,335
-13.45808105,34.98538512,9.384680622,335
-13.4512825,34.98221645,9.092616218,335
-13.45128198,34.9822155,9.09267744,335
-13.41273565,34.9642014,7.430918236,335
-13.41269762,34.96421051,7.433087656,335
-13.38196365,34.94985472,6.10709684,335
-13.38196048,34.9498753,6.110088443,335
-13.38844334,34.90783699,0,335
-13.543,34.933,0,335
-13.45818259,34.98540168,9.384680622,335
-13.71120107,34.58594542,0,336
-13.651,34.567,0,336
-13.66113095,34.53289056,5.114290094,336
-13.72133201,34.55182725,5.114290094,336
-13.71120107,34.58594542,0,336
-13.52751785,35.1232317,0,337
-13.232,34.877,0,337
-13.211,34.806,0,337
-13.099,34.815,0,337
-13.061,34.863,0,337
-12.909,34.884,0,337
-12.97532802,34.7065219,27.33573382,337
-13.12732729,34.68541272,27.33573382,337
-13.16532711,34.63738521,27.33573382,337
-13.27732657,34.62830362,27.33573382,337
-13.29832647,34.69928824,27.33573382,337
-13.59384289,34.94530065,27.33573382,337
-13.52751785,35.1232317,0,337
-13.52751785,35.1232317,0,338
-13.232,34.877,0,338
-13.211,34.806,0,338
-13.099,34.815,0,338
-13.061,34.863,0,338
-12.93,34.874,0,338
-12.928,34.848,0,338
-12.813,34.902,0,338
-12.87294101,34.70063005,30.29103476,338
-12.9879403,34.64653723,30.29103476,338
-12.98994029,34.67253561,30.29103476,338
-13.12093948,34.66142877,30.29103476,338
-13.15893925,34.61339756,30.29103476,338
-13.27093855,34.60430499,30.29103476,338
-13.29193842,34.67528754,30.29103476,338
-13.58745444,34.92127047,30.29103476,338
-13.52751785,35.1232317,0,338
-12.62006828,34.17051299,0,339
-12.771,34.233,0,339
-12.74653346,34.29506851,9.634718902,339
-12.59560183,34.23254475,9.634718902,339
-12.62006828,34.17051299,0,339
-13.28543275,34.33649417,0,340
-13.179,34.325,0,340
-13.102,34.314,0,340
-13.014,34.286,0,340
-13.03643778,34.15519177,19.09476204,340
-13.12443755,34.18314508,19.09476204,340
-13.20143735,34.19410395,19.09476204,340
-13.30786983,34.20554083,19.09476204,340
-13.28543275,34.33649417,0,340
-12.97363691,34.294,0,341
-12.89,34.294,0,341
-12.88996656,34.16125198,19.09476204,341
-12.97360324,34.16120748,19.09476204,341
-12.97363691,34.294,0,341
-12.89807515,34.26933485,0,342
-12.818,34.218,0,342
-12.88654908,34.10542486,19.09476204,342
-12.96662408,34.15672359,19.09476204,342
-12.89807515,34.26933485,0,342
-12.5200478,34.07141722,0,343
-12.302,34.028,0,343
-12.31731595,33.94728744,11.85362819,343
-12.53536353,33.99063694,11.85362819,343
-12.5200478,34.07141722,0,343
-12.60357447,34.15655827,0,344
-12.796,34.16,0,344
-12.79471531,34.23485352,10.77281448,344
-12.60228994,34.23135517,10.77281448,344
-12.60357447,34.15655827,0,344
-12.60437285,34.15535675,0,345
-12.721,34.147,0,345
-12.787,34.196,0,345
-12.77148144,34.27081037,11.00647321,345
-12.70548149,34.22179089,11.00647321,345
-12.58885444,34.23011349,11.00647321,345
-12.60437285,34.15535675,0,345
-13.15158982,34.20504922,0,346
-13.062,34.197,0,346
-12.964,34.223,0,346
-12.881,34.219,0,346
-12.87615471,34.12449314,13.61347676,346
-12.9591546,34.12846174,13.61347676,346
-13.05715447,34.10242438,13.61347676,346
-13.14674416,34.11043917,13.61347676,346
-13.15158982,34.20504922,0,346
-13.56406993,34.51089574,0,347
-13.143,34.473,0,347
-13.16163904,34.25311028,31.71541957,347
-13.58270586,34.29062153,31.71541957,347
-13.56406993,34.51089574,0,347
-13.56561667,34.48058844,0,348
-13.143,34.473,0,348
-13.14665696,34.25231744,31.71541957,348
-13.56927048,34.25951901,31.71541957,348
-13.56561667,34.48058844,0,348
-12.87670355,34.57654364,18.75895459,349
-12.87667656,34.57643237,18.74245971,349
-12.83747798,34.57900321,17.40510356,349
-12.83745728,34.57898913,17.40657128,349
-12.82931653,34.57936214,17.10755087,349
-12.82920187,34.57938784,17.1009535,349
-12.74644516,34.58450453,14.24893953,349
-12.74637445,34.58460006,14.25905991,349
-12.70350104,34.58730898,12.76786287,349
-12.70334368,34.58724694,12.75252546,349
-12.58679184,34.594513,8.732738879,349
-12.58678722,34.59449398,8.729915409,349
-12.57249808,34.53566759,0,349
-12.846,34.45,0,349
-12.87670355,34.57654364,18.75895459,349
-13.14839746,34.57780413,25.29349835,349
-13.14839461,34.57779236,25.2917565,349
-13.12359909,34.57847359,24.81000305,349
-13.12359909,34.57847359,24.81000305,349
-13.12359658,34.57848396,24.80846839,349
-13.12359658,34.57848396,24.80846839,349
-13.08027384,34.5781552,23.74528783,349
-13.08023767,34.57813541,23.74162167,349
-12.96852941,34.57716268,21.00364233,349
-12.96847299,34.57723202,21.01220014,349
-12.87670355,34.57654364,18.75895459,349
-12.87667656,34.57643237,18.74245971,349
-12.846,34.45,0,349
-13.107,34.407,0,349
-13.14839746,34.57780413,25.29349835,349
-12.87670355,34.57654364,18.75895459,350
-12.87667656,34.57643237,18.74245971,350
-12.83747798,34.57900321,17.40510356,350
-12.83745728,34.57898913,17.40657128,350
-12.82931653,34.57936214,17.10755087,350
-12.82920187,34.57938784,17.1009535,350
-12.74644516,34.58450453,14.24893953,350
-12.74637445,34.58460006,14.25905991,350
-12.70350104,34.58730898,12.76786287,350
-12.70334368,34.58724694,12.75252546,350
-12.58679184,34.594513,8.732738879,350
-12.58678722,34.59449398,8.729915409,350
-12.57249808,34.53566759,0,350
-12.846,34.45,0,350
-12.87670355,34.57654364,18.75895459,350
-13.14839746,34.57780413,25.29349835,350
-13.14839461,34.57779236,25.2917565,350
-13.12359909,34.57847359,24.81000305,350
-13.12359909,34.57847359,24.81000305,350
-13.12359658,34.57848396,24.80846839,350
-13.12359658,34.57848396,24.80846839,350
-13.08027384,34.5781552,23.74528783,350
-13.08023767,34.57813541,23.74162167,350
-12.96852941,34.57716268,21.00364233,350
-12.96847299,34.57723202,21.01220014,350
-12.87670355,34.57654364,18.75895459,350
-12.87667656,34.57643237,18.74245971,350
-12.846,34.45,0,350
-13.107,34.407,0,350
-13.14839746,34.57780413,25.29349835,350
-12.11694292,34.56937284,2.990793209,351
-12.05551313,34.53518134,3.786610415,351
-12.05549258,34.53516225,3.787853047,351
-12.05215359,34.53329308,3.829917688,351
-12.05212173,34.53328522,3.831526654,351
-11.98560803,34.49626411,4.691206219,351
-11.98559192,34.4962427,4.689909487,351
-11.96942032,34.48722879,4.900417608,351
-11.96940299,34.487227,4.899638013,351
-11.90622699,34.45205642,5.719595623,351
-11.90622557,34.45205865,5.719980295,351
-11.92734197,34.41883703,0,351
-12.128,34.552,0,351
-12.11694292,34.56937284,2.990793209,351
-13.5292986,34.7942467,0,352
-13.083,34.746,0,352
-12.532,34.646,0,352
-12.157,34.43,0,352
-12.21428185,34.19452457,35,352
-12.58927868,34.41018542,35,352
-13.140274,34.50966693,35,352
-13.5865688,34.5574759,35,352
-13.5292986,34.7942467,0,352
-13.5292986,34.7942467,0,353
-13.083,34.746,0,353
-12.532,34.646,0,353
-12.157,34.43,0,353
-12.21428185,34.19452457,35,353
-12.58927868,34.41018542,35,353
-13.140274,34.50966693,35,353
-13.5865688,34.5574759,35,353
-13.5292986,34.7942467,0,353
-13.5292986,34.7942467,0,354
-13.083,34.746,0,354
-12.532,34.646,0,354
-12.157,34.43,0,354
-12.21428185,34.19452457,35,354
-12.58927868,34.41018542,35,354
-13.140274,34.50966693,35,354
-13.5865688,34.5574759,35,354
-13.5292986,34.7942467,0,354
-14.37512621,34.6713543,22.00734875,355
-14.37512603,34.67134449,22.00875131,355
-14.28037101,34.66026036,23.85113021,355
-14.28031965,34.66020382,23.84510406,355
-14.1388363,34.64344119,26.60514142,355
-14.13873168,34.64346926,26.60139972,355
-14.09068084,34.63779435,27.54741113,355
-14.0904179,34.63787526,27.56808741,355
-14.01628489,34.6290982,28.99915706,355
-14.0162575,34.62918495,29.01221617,355
-13.395,34.843,0,355
-14.37780818,34.8252912,0,355
-14.37512621,34.6713543,22.00734875,355
-14.13403081,34.5833584,18.40273458,356
-14.13402256,34.58331029,18.4097262,356
-14.04697047,34.57236137,20.00075256,356
-14.04696696,34.57236674,19.99997116,356
-14.03468401,34.57082317,20.22630075,356
-14.03467036,34.57086639,20.23280737,356
-13.957,34.71,0,356
-14.15575007,34.71,0,356
-14.13403081,34.5833584,18.40273458,356
-13.97000283,34.92286854,0,357
-13.833,34.824,0,357
-13.395,34.843,0,357
-13.42379099,34.60096485,35,357
-13.86178707,34.58151534,35,357
-13.99878868,34.68024003,35,357
-13.97000283,34.92286854,0,357
-12.10985662,34.5856587,0.5,358
-11.87162178,34.47716315,0.5,358
-11.90659538,34.39685794,12.7929259,358
-12.14482999,34.50528234,12.7929259,358
-12.10985662,34.5856587,0.5,358
-11.78867671,34.32036315,0.5,359
-11.94782264,34.20654128,0.5,359
-12.22682264,34.29753767,0.5,359
-12.23780269,34.51356737,31.29653949,359
-11.95880467,34.42234561,31.29653949,359
-11.79965987,34.53604143,31.29653949,359
-11.78867671,34.32036315,0.5,359
-11.78726327,34.3207636,0.5,360
-11.94640921,34.20694196,0.5,360
-12.08540921,34.16094038,0.5,360
-12.13388544,34.25422421,15.34224573,360
-11.99488562,34.30017743,15.34224573,360
-11.8357399,34.41394444,15.34224573,360
-11.78726327,34.3207636,0.5,360
-12.69500186,34.4524979,0,361
-12.22,34.349,0,361
-12.26457565,34.13398782,31.69585724,361
-12.73957415,34.23709012,31.69585724,361
-12.69500186,34.4524979,0,361
-12.69500186,34.4524979,0,362
-12.22,34.349,0,362
-12.24810039,34.21355928,19.96713887,362
-12.72310092,34.31680832,19.96713887,362
-12.69500186,34.4524979,0,362
-11.99402483,34.44212305,12.09352068,363
-11.99402431,34.44212479,12.09378386,363
-11.96081766,34.4341836,11.17823646,363
-11.96080968,34.43417738,11.17737531,363
-11.9419087,34.42965899,10.65723071,363
-11.94189759,34.42964867,10.65790279,363
-11.89699872,34.41889347,9.419781257,363
-11.89699467,34.41890277,9.418357491,363
-11.85724192,34.35339136,0,363
-12.018,34.362,0,363
-11.99402483,34.44212305,12.09352068,363
-12.10925907,34.50734305,10.46205612,363
-12.10925795,34.50734677,10.46261794,363
-12.09690797,34.5003501,10.63668837,363
-12.09690343,34.50034963,10.63648393,363
-12.0815439,34.49166467,10.85440845,363
-12.08154007,34.49165685,10.85375353,363
-12.0140301,34.45344267,11.81055522,363
-12.01402601,34.45344321,11.81097244,363
-11.99402483,34.44212305,12.09352068,363
-11.99402431,34.44212479,12.09378386,363
-12.018,34.362,0,363
-12.13,34.438,0,363
-12.10925907,34.50734305,10.46205612,363
-13.54002707,34.74989225,6.556576664,364
-13.54002598,34.74989675,6.555911026,364
-13.50448639,34.75116092,5.825190396,364
-13.50448349,34.75114403,5.822730112,364
-13.49763623,34.71117801,0,364
-13.642,34.685,0,364
-13.54002707,34.74989225,6.556576664,364
-13.38421474,34.67030786,0,365
-13.103,34.523,0,365
-13.14907982,34.43009476,14.98274574,365
-13.43029419,34.57729485,14.98274574,365
-13.38421474,34.67030786,0,365
-12.41632762,34.61663224,0,366
-12.116,34.622,0,366
-11.905,34.546,0,366
-11.9247599,34.40203432,20.98949493,366
-12.13575923,34.47792129,20.98949493,366
-12.4360859,34.47238896,20.98949493,366
-12.41632762,34.61663224,0,366
-11.77330554,34.05870475,0,367
-11.595,34.125,0,367
-11.57025612,34.05562981,10.67189726,367
-11.74856152,33.98929001,10.67189726,367
-11.77330554,34.05870475,0,367
-11.86297978,34.14865864,0,368
-11.728,34.222,0,368
-11.71,34.21,0,368
-11.617,34.261,0,368
-11.573,34.229,0,368
-11.54566394,34.12494418,15.57454227,368
-11.58966387,34.15692783,15.57454227,368
-11.68266372,34.10589304,15.57454227,368
-11.70066369,34.11788627,15.57454227,368
-11.83564324,34.04449379,15.57454227,368
-11.86297978,34.14865864,0,368
-10.70822224,34.17795381,0,369
-11.304,34.231,0,369
-11.316,34.261,0,369
-11.747,34.425,0,369
-11.69354696,34.66100965,35,369
-11.26255061,34.49664943,35,369
-11.25055071,34.46663961,35,369
-10.65477798,34.41311971,35,369
-10.70822224,34.17795381,0,369
-10.54223643,34.30321667,0.5,370
-10.90647265,34.32911528,0.5,370
-10.89031102,34.56318315,34.10068224,370
-10.52607783,34.53700333,34.10068224,370
-10.54223643,34.30321667,0.5,370
-10.46508267,34.2907556,0,371
-10.599,34.286,0,371
-10.60718605,34.52716714,35,371
-10.47326991,34.53181787,35,371
-10.46508267,34.2907556,0,371
-10.47061756,34.47424944,21.02800043,372
-10.47061383,34.4742563,21.02616245,372
-10.44319882,34.47537958,20.00206502,372
-10.44319681,34.47537286,20.00104563,372
-10.40361463,34.34355501,0,372
-10.518,34.308,0,372
-10.47061756,34.47424944,21.02800043,372
-10.46030147,34.49318411,15.95203681,373
-10.46029309,34.49319948,15.94791512,373
-10.45533958,34.49344904,15.75058904,373
-10.4553393,34.49345028,15.75074622,373
-10.43682181,34.49446401,14.99440454,373
-10.43681526,34.49445856,14.99334196,373
-10.37160964,34.49796473,12.34838519,373
-10.37160236,34.49794319,12.34507923,373
-10.34439332,34.41751333,0,373
-10.483,34.369,0,373
-10.46030147,34.49318411,15.95203681,373
-10.36548146,34.50132088,11.33270115,374
-10.36547832,34.50129808,11.32939879,374
-10.3536699,34.5011215,11.06461961,374
-10.35366538,34.50111836,11.06529384,374
-10.34257625,34.50089974,10.81028068,374
-10.34257201,34.50092483,10.8137587,374
-10.31221406,34.50040903,10.12190863,374
-10.31220281,34.50038528,10.11830736,374
-10.29084084,34.50003644,9.63721347,374
-10.29083774,34.50001396,9.633957315,374
-10.28214302,34.43696947,0.5,374
-10.35516988,34.42653389,0.5,374
-10.36548146,34.50132088,11.33270115,374
-11.21608063,34.53373586,0.5,375
-11.51693396,34.6216759,0.5,375
-11.48231524,34.74477932,18.61974639,375
-11.18146261,34.65670982,18.61974639,375
-11.21608063,34.53373586,0.5,375
-11.53050447,34.593,0,376
-11.669,34.593,0,376
-11.66897006,34.72460986,19.01906415,376
-11.5304749,34.72454458,19.01906415,376
-11.53050447,34.593,0,376
-11.46304347,34.32972002,0.5,377
-11.72797175,34.44444327,0.5,377
-11.69198112,34.53099714,13.68772991,377
-11.42705315,34.41619207,13.68772991,377
-11.46304347,34.32972002,0.5,377
-11.62464193,34.66647719,0,378
-11.863,34.526,0,378
-11.94710835,34.67497443,24.83368742,378
-11.70875109,34.81532188,24.83368742,378
-11.62464193,34.66647719,0,378
-11.35981121,34.7243995,0.5,379
-11.73178567,34.57876913,0.5,379
-11.79083979,34.73604087,24.43436966,379
-11.41886673,34.8814617,24.43436966,379
-11.35981121,34.7243995,0.5,379
-11.60865979,34.70974889,0,380
-11.877,34.626,0,380
-11.90442965,34.71773979,13.85127424,380
-11.63608978,34.80139919,13.85127424,380
-11.60865979,34.70974889,0,380
-10.6606866,34.46497285,0.5,381
-10.92006239,34.49270394,0.5,381
-10.90952583,34.59463438,14.95112551,381
-10.65015045,34.56681547,14.95112551,381
-10.6606866,34.46497285,0.5,381
-10.93683173,34.45276182,0.5,382
-11.00329034,34.44921134,0.5,382
-11.00854027,34.55159703,14.95112551,382
-10.94208176,34.55512449,14.95112551,382
-10.93683173,34.45276182,0.5,382
-11.7037353,34.52323698,4.023130416,383
-11.70373336,34.52324723,4.021647033,383
-11.66444706,34.5162671,4.826825662,383
-11.66442912,34.51625089,4.829065116,383
-11.63574763,34.51116075,5.414061815,383
-11.63572324,34.5111426,5.41272171,383
-11.55135247,34.49610607,7.141307827,383
-11.55134887,34.4961083,7.14096998,383
-11.53109016,34.49250592,7.556922112,383
-11.53108642,34.49251765,7.558649948,383
-11.54634521,34.44461251,0.5,383
-11.80209409,34.52941561,0.5,383
-11.7037353,34.52323698,4.023130416,383
-11.7113334,34.48325551,9.809097384,384
-11.71133185,34.48326365,9.807919469,384
-11.60667434,34.46189906,12.34204766,384
-11.60661394,34.46193641,12.33636948,384
-11.60368658,34.46137328,12.41156649,384
-11.60361395,34.46130767,12.42063292,384
-11.56075302,34.45254568,13.45577997,384
-11.56069966,34.45255358,13.45963504,384
-11.49966332,34.44011936,14.93500484,384
-11.49964957,34.4401917,14.92452848,384
-11.48070683,34.53978818,0.5,384
-11.69910875,34.54758208,0.5,384
-11.7113334,34.48325551,9.809097384,384
-11.49966332,34.44011936,14.93500484,384
-11.49964957,34.4401917,14.92452848,384
-11.47594707,34.43046334,14.82768472,384
-11.47593684,34.43045251,14.82673668,384
-11.43857984,34.41503272,14.68291937,384
-11.43851285,34.41506671,14.67442652,384
-11.40679036,34.4020509,14.54887192,384
-11.40675736,34.4019894,14.55514431,384
-11.34482913,34.37655536,14.29950803,384
-11.34482534,34.37657529,14.29661959,384
-11.32670683,34.4717845,0.5,384
-11.48070683,34.53978818,0.5,384
-11.49966332,34.44011936,14.93500484,384
-11.37756374,34.4617249,4.846732174,385
-11.37756347,34.46171697,4.845603348,385
-11.35901569,34.45539462,4.596018882,385
-11.35900919,34.45539792,4.595194338,385
-11.35604247,34.45438188,4.556115035,385
-11.356038,34.45438694,4.557000398,385
-11.33160141,34.44606448,4.227048654,385
-11.33160036,34.44607,4.226248751,385
-11.25264506,34.40064176,0.5,385
-11.37652666,34.43118303,0.5,385
-11.37756374,34.4617249,4.846732174,385
-10.90262848,34.38479014,8.492183393,386
-10.90262772,34.38480118,8.493767467,386
-10.86825656,34.38646495,9.080550775,386
-10.86823659,34.38645265,9.0827615,386
-10.79522409,34.38991329,10.32670521,386
-10.79517349,34.38994094,10.33117417,386
-10.78697117,34.39030954,10.46730395,386
-10.78693583,34.39035326,10.46198232,386
-10.70723004,34.394215,11.82321591,386
-10.70722182,34.39416765,11.83009173,386
-10.72076502,34.47218872,0.5,386
-10.94576502,34.43419638,0.5,386
-10.90262848,34.38479014,8.492183393,386
-10.79233039,34.3896103,10.31279855,387
-10.79231492,34.3896493,10.30678614,387
-10.7540322,34.38066943,9.412857861,387
-10.75402492,34.38062898,9.417823839,387
-10.70208875,34.36842657,8.20078097,387
-10.70205408,34.36845188,8.195535563,387
-10.66901057,34.36066994,7.427804936,387
-10.66899965,34.36069747,7.423559418,387
-10.65119186,34.40559035,0.5,387
-10.76709152,34.45326174,0.5,387
-10.79233039,34.3896103,10.31279855,387
-11.38804326,34.33670663,6.593624078,388
-11.38803912,34.3366724,6.59847343,388
-11.38737698,34.33662366,6.616910381,388
-11.38737674,34.3366234,6.616888175,388
-11.35362386,34.3324012,7.799279382,388
-11.35360314,34.33237805,7.802874252,388
-11.30129634,34.32582599,9.628326193,388
-11.30129634,34.32582599,9.628326193,388
-11.3012931,34.32584025,9.630444854,388
-11.3012931,34.32584025,9.630444854,388
-11.29672936,34.32154775,10.30526833,388
-11.29672479,34.32156212,10.3077139,388
-11.29503189,34.31995802,10.55681831,388
-11.29503145,34.31995884,10.55671118,388
-11.29074555,34.31594784,11.19209828,388
-11.29074315,34.31596322,11.19412458,388
-11.28578493,34.31130401,11.92770759,388
-11.28578493,34.31130401,11.92770759,388
-11.28578196,34.31131709,11.92965035,388
-11.28578196,34.31131709,11.92965035,388
-11.24641528,34.3119412,12.53082722,388
-11.2464134,34.31192562,12.53303693,388
-11.25623866,34.39328743,1,388
-11.39280875,34.37618662,1,388
-11.38804326,34.33670663,6.593624078,388
-11.05125615,34.24488715,0.5,389
-11.15132872,34.27800773,0.5,389
-11.13728839,34.32203877,6.803635113,389
-11.03721585,34.28890312,6.803635113,389
-11.05125615,34.24488715,0.5,389
-11.52610372,34.87276974,0.5,391
-12.02929548,34.76361119,0.5,391
-12.05779173,34.90086136,20.34905385,391
-11.55460141,35.00976818,20.34905385,391
-11.52610372,34.87276974,0.5,391
-10.23723413,34.04766311,6.524213671,392
-10.23709599,34.04792696,6.567614559,392
-10.23572142,34.04650499,6.480465829,392
-10.23572138,34.04650454,6.480506798,392
-10.20536508,34.02359671,5.647176259,392
-10.205054,34.02368889,5.680551947,392
-10.12185409,33.96078405,3.373984188,392
-10.12178163,33.96055369,3.34946312,392
-10.11170669,33.95310608,3.09326443,392
-10.11170329,33.95310594,3.092921143,392
-10.10287585,33.94628759,2.830386716,392
-10.10284884,33.94633915,2.838871204,392
-10.11188461,33.92908844,0,392
-10.258,34.008,0,392
-10.23723413,34.04766311,6.524213671,392
-10.28756833,34.08871943,7.370995614,393
-10.28756672,34.08872125,7.371350903,393
-10.27552061,34.07858867,7.467682023,393
-10.27552061,34.07858867,7.467682023,393
-10.27551957,34.07858993,7.467441708,393
-10.27551957,34.07858993,7.467441708,393
-10.26268749,34.0660015,7.376902209,393
-10.26256766,34.06603233,7.392061111,393
-10.23493628,34.03879275,7.179520709,393
-10.23493573,34.03878744,7.180002157,393
-10.23243538,34.0363704,7.165025847,393
-10.23237747,34.03677754,7.214679586,393
-10.20891141,34.01358051,7.02915833,393
-10.20869704,34.0138223,7.076421022,393
-10.24079259,33.97761938,0,393
-10.321,34.051,0,393
-10.28756833,34.08871943,7.370995614,393
-10.50729341,34.21118175,11.59750869,394
-10.50728588,34.21119089,11.59577757,394
-10.47649506,34.1908548,11.69337461,394
-10.47649076,34.19087261,11.69082133,394
-10.46145736,34.18091815,11.73876959,394
-10.46143698,34.18092854,11.73586898,394
-10.43053948,34.16051237,11.83501537,394
-10.43053948,34.16051237,11.83501537,394
-10.43052324,34.16053206,11.8312866,394
-10.43052324,34.16053206,11.8312866,394
-10.4246968,34.15625809,11.80532164,394
-10.42469431,34.15625766,11.80547475,394
-10.42210581,34.1544069,11.78852528,394
-10.42210364,34.15440333,11.78827542,394
-10.37539102,34.12040376,11.55235981,394
-10.37539022,34.12038098,11.55492477,394
-10.34587454,34.09888361,11.40253195,394
-10.34585758,34.09888676,11.40065205,394
-10.29145173,34.05928193,11.12593255,394
-10.29145173,34.05928193,11.12593255,394
-10.29145011,34.0592839,11.12555916,394
-10.29145011,34.0592839,11.12555916,394
-10.27827979,34.04805343,10.86112554,394
-10.27822269,34.04813942,10.87618762,394
-10.31945182,33.98604699,0,394
-10.617,34.19,0,394
-10.50729341,34.21118175,11.59750869,394
-10.23723464,34.04766365,6.524212866,395
-10.2370965,34.0479275,6.567613096,395
-10.23572144,34.04650516,6.480450948,395
-10.2357214,34.04650473,6.480489572,395
-10.20368847,34.02233215,5.601083884,395
-10.20337049,34.02241607,5.633877329,395
-10.1232524,33.96184149,3.412726528,395
-10.12316859,33.96160004,3.387568,395
-10.11170659,33.95310608,3.093254414,395
-10.11170338,33.95310594,3.092930877,395
-10.10287607,33.94628782,2.830386099,395
-10.10284906,33.94633938,2.838870871,395
-10.11188461,33.92908844,0,395
-10.258,34.008,0,395
-10.23723464,34.04766365,6.524212866,395
-10.28756885,34.08872005,7.370970724,396
-10.28756724,34.08872187,7.371326031,396
-10.27552046,34.07858885,7.467647931,396
-10.27552046,34.07858885,7.467647931,396
-10.27551948,34.07859004,7.467421403,396
-10.27551948,34.07859004,7.467421403,396
-10.26124786,34.06458996,7.366668734,396
-10.26111127,34.06462102,7.383508398,396
-10.2349363,34.03879296,7.17950194,396
-10.23493576,34.03878764,7.179983545,396
-10.2339069,34.03779589,7.173535693,396
-10.23385909,34.03821369,7.223341035,396
-10.20891186,34.01358113,7.029142626,396
-10.2086975,34.01382293,7.076405115,396
-10.24079259,33.97761938,0,396
-10.321,34.051,0,396
-10.28756885,34.08872005,7.370970724,396
-10.44101343,34.16768384,11.7702576,397
-10.44101269,34.16768602,11.77059286,397
-10.42773843,34.16390843,11.19180871,397
-10.42773843,34.16390843,11.19180871,397
-10.42773592,34.16391147,11.19123389,397
-10.42773592,34.16391147,11.19123389,397
-10.39267653,34.15226253,9.407059684,397
-10.39267154,34.15226664,9.407691283,397
-10.37632158,34.14685771,8.573639692,397
-10.37632112,34.14684459,8.575117012,397
-10.36763486,34.14397452,8.131097206,397
-10.36762964,34.14396477,8.129600149,397
-10.32602436,34.13014866,6.011403988,397
-10.32602256,34.13015399,6.012222511,397
-10.33929633,34.091,0,397
-10.467,34.091,0,397
-10.44101343,34.16768384,11.7702576,397
-10.50759863,34.21081161,11.6675943,397
-10.50759012,34.21082193,11.66564165,397
-10.47653347,34.19069582,11.71616362,397
-10.47653171,34.19070312,11.71511751,397
-10.46145404,34.18091984,11.73829675,397
-10.46144985,34.18092198,11.73769981,397
-10.44101343,34.16768384,11.7702576,397
-10.44101269,34.16768602,11.77059286,397
-10.467,34.091,0,397
-10.617,34.19,0,397
-10.50759863,34.21081161,11.6675943,397
-10.45678835,34.27243085,0,398
-10.379,34.223,0,398
-10.243,34.118,0,398
-10.086,33.952,0.5,398
-10.21072059,33.80093025,28.73990504,398
-10.36989686,33.96421524,29.1392228,398
-10.50589636,34.06914798,29.1392228,398
-10.58368443,34.11853995,29.1392228,398
-10.45678835,34.27243085,0,398
-10.45678835,34.27243085,0.5,399
-10.379,34.223,0.5,399
-10.243,34.118,0.5,399
-10.152,34.071,0.5,399
-10.25819054,33.90475903,28.88256989,399
-10.34919016,33.95171103,28.88256989,399
-10.48518959,34.05663845,28.88256989,399
-10.56297761,34.10602733,28.88256989,399
-10.45678835,34.27243085,0.5,399
-10.07376955,33.96090733,0.5,400
-9.911,33.873,0.5,400
-10.00207219,33.69898899,28.73990504,400
-10.16484099,33.78680839,28.73990504,400
-10.07376955,33.96090733,0.5,400
-10.07376955,33.96090733,0.5,401
-9.911,33.873,0.5,401
-9.962093682,33.77540879,16.16448718,401
-10.12486299,33.86326701,16.16448718,401
-10.07376955,33.96090733,0.5,401
-10.17290517,34.09197908,1,402
-10.058,34.004,1,402
-9.81,33.915,1,402
-9.735,33.862,1,402
-9.827747453,33.67716273,27.32089514,402
-9.902747063,33.73012065,27.32089514,402
-10.15074577,33.8189791,27.32089514,402
-10.26565034,33.90689135,27.32089514,402
-10.17290517,34.09197908,1,402
-10.2757037,34.17095057,1,403
-10.165,34.13,1,403
-10.026,34.006,1,403
-9.81,33.915,1,403
-9.735,33.862,1,403
-9.814295463,33.71676632,21.9168345,403
-9.889295222,33.76973331,21.9168345,403
-10.10529453,33.86063674,21.9168345,403
-10.24429408,33.98457343,21.9168345,403
-10.35499742,34.02547293,21.9168345,403
-10.2757037,34.17095057,1,403
-9.775936393,33.83437956,2.926239137,404
-9.775936071,33.83438421,2.927123626,404
-9.770991541,33.8342761,2.753930537,404
-9.770989832,33.83428045,2.754713914,404
-9.725575068,33.83334178,1.169703727,404
-9.725572525,33.83334242,1.169543579,404
-9.720719327,33.83324407,1.000569829,404
-9.72071894,33.83324275,1.000303743,404
-9.718922827,33.83320531,0.937732309,404
-9.71892275,33.83320642,0.937943213,404
-9.719263659,33.82827768,0,404
-9.777,33.819,0,404
-9.775936393,33.83437956,2.926239137,404
-9.778813853,33.8321516,3.263371978,404
-9.778813494,33.83215678,3.264358366,404
-9.778521227,33.83237808,3.229096485,404
-9.778520785,33.83238328,3.230062258,404
-9.776204418,33.83417211,2.957633262,404
-9.776204175,33.83417675,2.958536834,404
-9.775936393,33.83437956,2.926239137,404
-9.775936071,33.83438421,2.927123626,404
-9.777,33.819,0,404
-9.78,33.815,0,404
-9.778813853,33.8321516,3.263371978,404
-9.829470033,33.84112619,4.209222474,404
-9.829469571,33.84113287,4.210494687,404
-9.822948812,33.83996893,4.087656784,404
-9.822946449,33.83997508,4.088856562,404
-9.784180941,33.8331094,3.364451788,404
-9.784179639,33.83310376,3.363403992,404
-9.778813853,33.8321516,3.263371978,404
-9.778813494,33.83215678,3.264358366,404
-9.78,33.815,0,404
-9.831,33.819,0,404
-9.829470033,33.84112619,4.209222474,404
-9.836602834,33.84720601,3.84385263,404
-9.836602412,33.84721212,3.845014403,404
-9.835729304,33.8464612,3.888622935,404
-9.83572861,33.84646715,3.889811933,404
-9.830404819,33.84192323,4.161312301,404
-9.830404641,33.84193008,4.162555713,404
-9.829470033,33.84112619,4.209222474,404
-9.829469571,33.84113287,4.210494687,404
-9.831,33.819,0,404
-9.838,33.827,0,404
-9.836602834,33.84720601,3.84385263,404
-9.892433259,33.8626618,4.310294025,404
-9.892433182,33.86266292,4.310506732,404
-9.884963804,33.86059185,4.248112227,404
-9.884962987,33.86059371,4.24849648,404
-9.85089509,33.85117067,3.964289746,404
-9.850893141,33.85116784,3.96450985,404
-9.843463559,33.84911356,3.902152879,404
-9.843461884,33.84910677,3.900956326,404
-9.836602834,33.84720601,3.84385263,404
-9.836602412,33.84721212,3.845014403,404
-9.838,33.827,0,404
-9.894,33.84,0,404
-9.892433259,33.8626618,4.310294025,404
-9.775938011,33.83437991,2.926262398,405
-9.77593769,33.83438456,2.927146901,405
-9.767574669,33.8342061,2.634712803,405
-9.767572104,33.83421024,2.635429815,405
-9.725574599,33.8333419,1.169674161,405
-9.725572053,33.83334254,1.16951384,405
-9.722271185,33.83327623,1.054703355,405
-9.722270278,33.83327472,1.054385458,405
-9.718923342,33.83320542,0.93773971,405
-9.718923266,33.83320653,0.937950627,405
-9.719263659,33.82827768,0,405
-9.777,33.819,0,405
-9.775938011,33.83437991,2.926262398,405
-9.778815658,33.83215199,3.263397926,405
-9.7788153,33.83215717,3.26438433,405
-9.778302451,33.83254924,3.203281061,405
-9.778301948,33.83255445,3.204231452,405
-9.776415803,33.83401007,2.98223093,405
-9.776415623,33.8340147,2.983149597,405
-9.775938011,33.83437991,2.926262398,405
-9.77593769,33.83438456,2.927146901,405
-9.777,33.819,0,405
-9.78,33.815,0,405
-9.778815658,33.83215199,3.263397926,405
-9.829472374,33.8411267,4.209256116,405
-9.829471913,33.84113339,4.210528349,405
-9.818194373,33.8391269,3.99885117,405
-9.818190697,33.83913268,3.999999376,405
-9.788533367,33.83388057,3.445751763,405
-9.788530645,33.83387454,3.444652725,405
-9.778815658,33.83215199,3.263397926,405
-9.7788153,33.83215717,3.26438433,405
-9.78,33.815,0,405
-9.831,33.819,0,405
-9.829472374,33.8411267,4.209256116,405
-9.836604974,33.84720648,3.843883373,405
-9.836604552,33.84721259,3.845045165,405
-9.835046836,33.84587812,3.923722047,405
-9.835045925,33.84588395,3.924932609,405
-9.831110599,33.84253028,4.126536863,405
-9.831110566,33.84252331,4.125314873,405
-9.829472374,33.8411267,4.209256116,405
-9.829471913,33.84113339,4.210528349,405
-9.831,33.819,0,405
-9.838,33.827,0,405
-9.836604974,33.84720648,3.843883373,405
-9.892435672,33.86266233,4.310328692,405
-9.892435595,33.86266345,4.310541345,405
-9.879376108,33.8590451,4.201417543,405
-9.879374336,33.8590474,4.201926754,405
-9.85089498,33.85117051,3.964302163,405
-9.850893031,33.85116769,3.9645222,405
-9.84887455,33.85061124,3.947408792,405
-9.848871177,33.85060391,3.946184327,405
-9.836604974,33.84720648,3.843883373,405
-9.836604552,33.84721259,3.845045165,405
-9.838,33.827,0,405
-9.894,33.84,0,405
-9.892435672,33.86266233,4.310328692,405
-10.42788147,34.55268937,0,406
-10.122,34.52,0,406
-10.069,34.54,0,406
-9.257,33.893,0,406
-9.328135007,33.76290635,35,406
-10.14013291,34.40958968,35,406
-10.19313277,34.38956805,35,406
-10.49901345,34.42213023,35,406
-10.42788147,34.55268937,0,406
-10.03875013,33.98088535,0,407
-9.926,33.92,0,407
-9.886,33.902,0,407
-9.707,33.838,0,407
-9.757836157,33.71642816,14.4731494,407
-9.936835754,33.78036222,14.4731494,407
-9.976835663,33.79834731,14.4731494,407
-10.08958554,33.8591903,14.4731494,407
-10.03875013,33.98088535,0,407
-9.809639259,34.16448091,0.5,408
-9.623018572,34.10657325,0.5,408
-9.668849712,33.95439556,23.24859557,408
-9.855469741,34.01221792,23.24859557,408
-9.809639259,34.16448091,0.5,408
-10.15515977,34.38146876,0.5,409
-9.954766855,34.34188512,0.5,409
-9.984662799,34.18552863,23.24859557,409
-10.18505497,34.22501498,23.24859557,409
-10.15515977,34.38146876,0.5,409
-10.00022129,34.32984882,0.5,410
-9.794839567,34.23258197,0.5,410
-9.86110538,34.08827705,23.24859557,410
-10.06648645,34.185453,23.24859557,410
-10.00022129,34.32984882,0.5,410
-10.37881412,34.35321687,0.5,411
-10.05554064,34.30701723,0.5,411
-9.995540639,34.25501538,0.5,411
-10.04200438,34.06554173,28.47402458,411
-10.10200405,34.11750833,28.47402458,411
-10.42527576,34.16351425,28.47402458,411
-10.37881412,34.35321687,0.5,411
-10.03921103,34.26599811,0.5,412
-9.718378146,33.96202845,0.5,412
-9.849484849,33.81929823,28.47402458,412
-10.17031673,34.12312675,28.47402458,412
-10.03921103,34.26599811,0.5,412
-10.37881412,34.35321687,0.5,413
-10.05554064,34.30701723,0.5,413
-9.995540639,34.25501538,0.5,413
-10.04122998,34.06870369,28.00059337,413
-10.10122966,34.12067088,28.00059337,413
-10.42450143,34.16668005,28.00059337,413
-10.37881412,34.35321687,0.5,413
-10.04218802,34.26505243,0.5,414
-9.901714453,34.14101681,0.5,414
-9.680714454,34.06401281,0.5,414
-9.772338594,33.89621003,28.00059337,414
-9.993337644,33.97310124,28.00059337,414
-10.13381061,34.09706377,28.00059337,414
-10.04218802,34.26505243,0.5,414
-9.935000112,34.10511673,0,415
-9.862,34.036,0,415
-9.954610926,33.93515262,20.04102293,415
-10.02761093,34.00424671,20.04102293,415
-9.935000112,34.10511673,0,415
-9.935000112,34.10511673,0,416
-9.862,34.036,0,416
-9.963929585,33.92500022,22.05794379,416
-10.03692956,33.99409201,22.05794379,416
-9.935000112,34.10511673,0,416
-10.34766489,34.24367966,0.5,417
-10.29224595,34.25565301,0.5,417
-10.23324595,34.21265177,0.5,417
-9.98124595,34.14664656,0.5,417
-10.01549543,34.01675236,19.64170517,417
-10.26749478,34.08265534,19.64170517,417
-10.32649463,34.12563226,19.64170517,417
-10.38191343,34.11363592,19.64170517,417
-10.34766489,34.24367966,0.5,417
-10.41806752,34.25995098,0.5,418
-10.32036046,34.2756837,0.5,418
-10.23336046,34.21268187,0.5,418
-9.981360459,34.14667663,0.5,418
-10.01667325,34.00272661,21.65862604,418
-10.26867246,34.06861854,21.65862604,418
-10.35567218,34.13158057,21.65862604,418
-10.45337893,34.11580272,21.65862604,418
-10.41806752,34.25995098,0.5,418
-10.29092285,34.30856483,0.5,419
-10.09613591,34.21623854,0.5,419
-10.12790877,34.14700715,11.19695974,419
-10.32269557,34.23929097,11.19695974,419
-10.29092285,34.30856483,0.5,419